LOR_Schluessel,Bezeichnung,Raub_2018,Koerperverletzungen_2018,Diebstahl_Kraftwagen_2018,Diebstahl_an/aus_Kfz_2018,Fahrraddiebstahl_2018,Wohnraumeinbruch_2018,Branddelikte_2018,Sachbeschaedigung_2018,Rauschgiftdelikte_2018,Raub_2019,Koerperverletzungen_2019,Diebstahl_Kraftwagen_2019,Diebstahl_an/aus_Kfz_2019,Fahrraddiebstahl_2019,Wohnraumeinbruch_2019,Branddelikte_2019,Sachbeschaedigung_2019,Rauschgiftdelikte_2019,Raub_2020,Koerperverletzungen_2020,Diebstahl_Kraftwagen_2020,Diebstahl_an/aus_Kfz_2020,Fahrraddiebstahl_2020,Wohnraumeinbruch_2020,Branddelikte_2020,Sachbeschaedigung_2020,Rauschgiftdelikte_2020,Raub_2021,Koerperverletzungen_2021,Diebstahl_Kraftwagen_2021,Diebstahl_an/aus_Kfz_2021,Fahrraddiebstahl_2021,Wohnraumeinbruch_2021,Branddelikte_2021,Sachbeschaedigung_2021,Rauschgiftdelikte_2021,Raub_2022,Koerperverletzungen_2022,Diebstahl_Kraftwagen_2022,Diebstahl_an/aus_Kfz_2022,Fahrraddiebstahl_2022,Wohnraumeinbruch_2022,Branddelikte_2022,Sachbeschaedigung_2022,Rauschgiftdelikte_2022,Raub_2023,Koerperverletzungen_2023,Diebstahl_Kraftwagen_2023,Diebstahl_an/aus_Kfz_2023,Fahrraddiebstahl_2023,Wohnraumeinbruch_2023,Branddelikte_2023,Sachbeschaedigung_2023,Rauschgiftdelikte_2023
011001,Tiergarten Süd,470,"2,817",116,"1,851","2,110",259,95,"1,926","1,858",349,"2,290",87,"1,115","1,887",369,81,"2,042","1,518",320,"2,536",126,"1,065","1,977",180,113,"1,691","1,225",231,"2,026",79,"1,339","1,551",158,79,"1,702","1,320",233,"2,612",107,"1,227","1,926",176,170,"2,109","1,429",287,"2,557",147,"1,609","1,707",202,92,"1,823","1,284"
011002,Regierungsviertel,272,"4,222",123,"1,621","3,037",288,41,"3,333","1,086",294,"4,147",87,"1,279","2,693",167,151,"3,798","1,303",275,"3,539",79,"1,542","1,817",252,102,"3,587","1,093",255,"3,131",54,"1,214","1,902",124,31,"3,039","1,330",300,"3,609",80,"1,257","1,965",234,117,"3,178","1,293",322,"3,546",95,"1,729","1,443",286,51,"3,604","1,209"
011003,Alexanderplatz,231,"2,700",120,"1,013","1,550",235,48,"1,836","1,714",261,"3,185",96,951,"1,550",238,73,"2,193","1,804",236,"2,780",83,"1,056","1,296",260,89,"2,301","1,398",261,"2,394",69,"1,051","1,259",130,95,"2,197","1,451",268,"3,007",82,"1,017","1,402",178,114,"2,209","1,139",324,"3,214",109,"1,007","1,388",238,101,"2,102","1,198"
011004,Brunnenstraße Süd,83,916,150,490,"1,005",179,29,"1,415",221,123,820,120,555,"1,129",202,57,"1,324",271,146,945,111,552,"1,158",143,54,"1,592",311,134,828,61,764,"1,157",102,99,"1,368",403,200,979,103,660,"1,321",131,44,"1,408",304,156,"1,086",70,549,"1,382",183,58,"1,389",253
012005,Moabit West,154,"1,413",80,861,968,180,63,"1,074",942,132,"1,455",97,674,700,201,60,"1,360","1,315",150,"1,320",83,596,800,257,111,"1,372",802,105,"1,243",85,658,851,151,110,"1,243","1,142",93,"1,208",117,813,765,104,95,"1,074",627,102,"1,291",93,969,456,180,104,"1,170",380
012006,Moabit Ost,159,"1,796",78,729,937,190,81,"1,132","1,234",116,"1,609",68,574,835,243,96,"1,369","1,377",138,"1,712",62,545,956,224,128,"1,380","1,094",156,"1,754",74,622,"1,050",173,108,"1,387","1,334",206,"1,925",59,521,"1,041",164,110,"1,276","1,304",167,"2,130",53,965,791,188,139,"1,420","1,299"
013007,Osloer Straße,197,"1,926",118,735,666,187,74,"1,125",556,144,"1,857",118,718,703,198,77,"1,193",706,148,"1,676",117,846,708,146,68,"1,332",833,206,"1,668",132,900,578,114,71,"1,262",562,199,"1,750",107,958,738,141,63,"1,154",395,229,"1,892",108,"1,102",829,178,106,"1,156",353
013008,Brunnenstraße Nord,178,"1,679",170,893,713,227,73,"1,438","1,013",153,"1,749",140,973,825,191,77,"1,483","1,039",163,"1,945",117,924,673,175,137,"1,882","1,018",183,"1,764",148,911,664,160,94,"1,616",845,227,"1,758",117,"1,042",955,125,115,"1,688",796,183,"1,912",163,"1,122","1,097",245,143,"1,641",880
014009,Parkviertel,121,"1,631",134,955,786,191,65,"1,221",271,127,"1,474",97,967,552,244,69,"1,103",309,130,"1,382",102,919,482,198,70,"1,139",545,123,"1,384",86,"1,029",513,119,86,"1,093",434,141,"1,576",168,"1,535",890,161,91,"1,047",374,142,"1,441",153,"1,671","1,030",187,105,"1,079",327
014010,Wedding Zentrum,156,"1,656",90,757,750,187,67,"1,227",923,146,"1,657",69,717,535,196,64,"1,308",973,178,"1,766",76,857,479,173,60,"1,308",948,225,"1,587",54,776,729,86,77,"1,239","1,005",184,"1,770",50,890,"1,378",124,99,"1,371",917,291,"1,762",77,"1,229","1,323",193,96,"1,227",999
021001,Südliche  Friedrichstadt,253,"1,656",135,"1,443","1,128",280,88,"1,421","1,998",300,"1,869",101,"1,061","1,181",258,101,"1,646","1,538",348,"1,807",64,"1,370",975,222,212,"1,814","1,684",329,"1,653",79,"1,601","1,005",141,198,"1,747","2,299",298,"1,663",96,"1,508","1,132",96,123,"1,658","1,530",251,"2,099",142,"1,732","1,206",135,152,"1,824","1,728"
022002,Tempelhofer Vorstadt,140,"1,184",138,"1,141","1,842",213,69,"1,178",452,170,"1,213",163,766,"1,758",172,82,"1,899",763,191,"1,307",81,"1,068","1,629",184,81,"1,337","1,040",175,"1,214",102,"1,273","1,126",94,79,"1,410",770,250,"1,320",85,918,"1,529",111,149,"1,540",752,197,"1,460",136,"1,476","1,602",136,123,"1,204",592
023003,Nördliche Luisenstadt,329,"2,201",110,998,"1,299",377,110,"1,690","2,444",403,"2,339",120,"1,093","1,352",206,120,"1,773","2,185",339,"2,474",92,"1,370","1,462",252,169,"2,014","2,798",403,"1,873",74,"1,878","1,278",177,192,"1,971","2,379",539,"2,556",163,"1,671","1,567",129,188,"1,943","3,036",448,"2,291",206,"1,682","1,365",171,91,"1,838","2,875"
023004,Südliche Luisenstadt,384,"1,720",116,721,"1,775",246,62,"1,456","3,419",629,"1,982",135,756,"1,625",207,164,"1,924","4,723",496,"2,058",103,"1,095","1,723",257,92,"1,859","6,765",614,"1,869",37,"2,565","1,839",139,154,"1,918","5,921",774,"2,207",98,"1,966","1,959",154,105,"1,936","5,973",962,"2,390",109,"2,507","2,292",248,101,"2,195","5,509"
024005,Karl-Marx-Allee Nord,71,850,168,775,"1,026",193,21,"1,089",180,153,956,211,505,915,186,33,"1,221",236,115,"1,031",115,662,949,123,82,"1,276",331,113,898,65,656,834,105,73,"1,291",255,210,"1,038",119,586,943,127,40,"1,181",246,168,"1,099",164,612,947,242,58,939,257
024006,Karl-Marx-Allee Süd,330,"2,815",113,997,"1,432",141,68,"1,797","2,573",324,"2,866",121,751,"1,239",129,78,"1,728","2,623",298,"2,649",85,806,"1,336",112,70,"2,239","2,363",237,"1,913",78,774,"1,287",70,82,"1,874","1,505",411,"2,772",91,656,"1,577",113,94,"1,871","1,528",381,"2,841",179,882,"1,095",164,105,"2,127","1,364"
025007,Frankfurter Allee Nord,75,"1,269",121,486,"1,286",157,52,"1,743",303,97,"1,187",106,258,"1,132",158,155,"1,925",377,77,"1,018",109,359,"1,040",122,166,"2,433",477,83,"1,103",71,375,814,106,192,"2,048",346,89,"1,025",114,355,974,105,95,"1,726",320,130,"1,047",82,379,"1,059",120,63,"1,410",237
025008,Frankfurter Allee Süd FK,182,"1,804",65,594,"1,349",195,57,"1,931","2,174",207,"1,760",83,454,"1,372",126,68,"1,939","2,436",166,"1,413",60,447,"1,114",153,126,"2,522","2,207",132,"1,246",49,473,"1,001",74,82,"2,051","1,108",178,"1,518",80,522,"1,322",96,78,"1,844","1,132",195,"1,939",77,584,"1,216",187,74,"1,864","1,283"
031001,Buch,66,"1,075",90,397,865,78,72,"1,057",198,47,"1,402",89,408,669,47,136,"1,485",207,112,"1,273",71,509,527,77,89,"1,308",272,108,"1,228",24,536,638,163,132,"1,259",211,179,"1,812",93,"1,146",874,133,168,"1,655",179,90,"1,695",79,648,417,107,118,"1,695",197
032002,Blankenfelde/Niederschönhausen,35,434,98,469,700,140,28,532,56,17,355,108,435,508,216,52,710,52,45,443,98,440,548,150,38,621,63,42,344,88,294,466,158,67,722,98,31,411,111,387,587,183,62,484,52,78,505,111,418,408,152,74,866,54
032003,Buchholz,33,383,137,274,317,126,38,509,49,16,394,38,388,323,159,22,438,49,38,409,55,316,333,191,11,371,65,27,418,65,282,304,190,22,581,54,27,364,171,444,396,144,64,513,59,37,479,128,442,447,181,53,820,32
033004,Karow,20,429,15,521,643,174,5,556,71,20,403,31,270,433,239,31,489,107,25,366,41,168,396,102,25,559,122,20,364,26,159,661,179,36,497,72,30,390,45,280,430,350,30,465,110,30,490,54,317,327,233,35,639,99
033005,Blankenburg/Heinersdorf/Märchenland,39,604,128,687,655,379,51,848,77,32,672,133,717,856,285,57,"1,129",152,13,701,63,581,549,354,19,903,114,64,699,114,406,534,311,64,883,102,61,872,134,823,737,317,85,"1,067",104,89,950,125,713,647,285,77,"1,063",89
034006,Schönholz/Wilhelmsruh/Rosenthal,56,430,112,636,279,268,61,547,84,61,424,83,649,275,517,50,627,44,32,524,76,567,319,286,38,675,108,37,496,128,416,422,278,85,753,123,53,477,170,610,398,323,69,647,74,117,535,117,784,344,228,85,726,58
034007,Pankow Zentrum,75,583,127,483,"1,599",174,41,837,116,98,634,122,378,"1,309",158,33,827,103,70,657,75,415,"1,236",110,38,"1,037",127,73,647,100,348,"1,108",102,57,984,102,128,664,67,440,"1,003",96,45,880,117,119,730,104,405,953,106,36,745,99
034008,Pankow Süd,101,632,153,387,"1,118",182,43,759,116,71,644,200,411,969,131,51,835,128,62,546,82,374,850,90,34,706,189,72,541,72,482,936,92,47,833,145,85,605,170,501,834,129,44,774,93,100,629,167,494,721,175,46,710,121
035009,Weißensee,55,853,190,381,725,164,60,876,130,42,879,158,485,897,215,31,"1,030",166,62,700,119,591,837,145,65,"1,116",168,46,780,71,546,559,86,53,"1,024",191,84,758,126,453,898,126,59,"1,122",160,100,776,136,565,835,144,49,"1,102",170
035010,Weißensee Ost,72,809,202,476,561,156,78,978,274,65,939,188,680,590,194,58,"1,179",330,64,842,160,881,645,153,109,"1,411",313,50,984,69,852,514,138,94,871,263,31,906,287,694,394,125,100,844,181,139,"1,116",164,769,574,164,69,"1,167",259
036011,Prenzlauer Berg Nordwest,180,"1,119",149,416,"1,394",145,46,"1,116",669,117,936,155,340,"1,385",143,57,"1,083",544,142,"1,035",97,486,"1,681",105,67,"1,371","1,076",212,"1,183",97,603,"1,451",93,63,"1,279",673,267,"1,246",102,581,"1,564",55,33,"1,308",391,214,"1,262",83,461,"1,371",138,76,"1,309",558
036012,Prenzlauer Berg Nord,88,695,201,487,"1,606",143,51,966,198,77,758,259,594,"1,425",149,40,"1,090",255,58,758,124,587,"1,228",98,66,"1,261",262,37,558,77,675,"1,566",77,33,935,238,131,722,142,624,"1,586",152,58,998,218,72,711,129,590,"1,298",175,43,"1,048",243
036013,Helmholtzplatz,61,821,70,250,"1,300",101,22,"1,216",215,44,736,123,254,982,259,35,"1,337",131,35,879,71,296,"1,347",106,84,"1,736",384,58,822,22,373,"1,600",147,44,"1,458",360,70,872,74,371,"1,374",100,48,"1,413",331,179,854,35,336,"1,290",83,44,"1,290",353
036014,Prenzlauer Berg Ost,137,"1,372",215,682,"1,146",252,119,"1,613",267,125,"1,196",257,605,"1,101",264,81,"1,761",338,165,"1,299",169,950,"1,024",191,99,"2,106",294,198,"1,304",125,"1,039","1,054",114,110,"1,807",364,199,"1,370",157,"1,035","1,035",199,121,"1,622",395,241,"1,482",255,"1,241",779,259,186,"1,734",386
037015,Prenzlauer Berg Südwest,82,"1,266",108,685,"1,412",212,30,"1,277",175,63,"1,395",136,508,"1,314",258,48,"1,362",177,103,"1,087",110,661,"1,231",151,70,"1,609",342,125,947,81,565,"1,141",117,44,"1,365",323,149,"1,288",131,667,"1,469",131,47,"1,498",239,153,"1,658",138,404,"1,116",109,58,"1,378",451
037016,Prenzlauer Berg Süd,42,479,182,499,951,165,27,805,129,77,460,154,394,"1,056",190,21,919,139,45,605,95,540,"1,033",154,33,"1,184",187,54,571,90,589,"1,052",105,27,"1,085",173,80,544,139,570,"1,040",47,50,951,112,92,696,112,497,977,130,36,929,192
041001,Charlottenburg Nord,118,"1,433",360,"1,233",632,262,82,"1,192",950,179,"1,577",369,"1,521",297,384,133,999,"1,086",113,"1,252",200,"1,478",349,570,123,"1,067","1,570",62,"1,411",156,"1,411",327,228,156,"1,178","1,697",125,"1,421",375,"1,125",213,182,104,"1,099","1,760",144,"1,532",468,"1,753",195,278,108,961,"1,969"
042002,Heerstraße,145,"1,167",267,"1,000",588,679,61,"1,076",252,99,"1,222",175,"1,085",357,622,99,"1,336",243,30,937,183,907,518,472,122,"1,387",198,86,879,257,996,358,405,109,"1,510",163,116,"1,571",201,952,441,434,101,"1,479",310,147,"1,720",380,"1,030",380,403,124,"1,875",341
042003,Westend,87,"1,108",230,"1,212",738,275,38,846,157,94,"1,048",171,"1,048",696,425,59,"1,107",153,91,781,130,964,687,249,67,950,151,81,720,162,"1,184",836,249,46,956,186,50,918,222,"1,220",556,237,93,"1,134",187,100,941,303,"1,361",567,364,46,"1,012",200
043004,Schloss Charlottenburg,94,"1,092",159,606,945,240,60,"1,021",182,85,"1,037",103,533,840,204,43,"1,000",245,122,963,67,828,947,232,60,"1,276",336,115,852,166,922,"1,029",138,40,"1,385",278,91,812,137,719,999,151,79,"1,341",261,104,"1,022",220,802,904,188,86,"1,321",250
043005,Mierendorffplatz,45,"1,027",123,838,819,175,71,786,325,129,"1,047",174,827,627,149,84,"1,215",304,142,"1,315",155,"1,141",780,193,45,"1,186",535,84,908,156,"1,116",824,123,78,"1,044",344,163,"1,183",248,"1,216",771,157,92,"1,288",203,150,"1,128",202,"1,409",522,209,91,"1,161",326
043006,Otto-Suhr-Allee/Kantstraße,153,"1,485",97,674,"1,402",276,56,"1,247",242,98,"1,484",68,732,"1,213",245,66,"1,273",305,142,"1,333",80,890,"1,184",274,48,"1,191",390,129,"1,273",107,"1,008","1,012",194,79,"1,232",337,147,"1,220",121,815,"1,129",173,81,"1,030",371,130,"1,299",106,"1,189","1,111",260,74,"1,103",404
044007,Grunewald,62,495,211,"1,336",495,449,52,"1,222",77,66,715,158,"1,189",444,597,46,"1,353",107,66,663,213,"1,447",491,658,51,"1,144",86,30,682,177,"1,349",515,369,66,"1,323",121,120,672,316,"2,242",582,436,65,"1,254",120,65,799,271,"1,528",528,593,80,"1,503",151
044008,Schmargendorf,42,465,237,697,700,204,33,568,99,45,486,197,713,817,325,45,749,101,41,509,154,787,687,178,41,648,98,39,522,148,573,534,225,56,837,151,53,458,159,729,623,180,35,715,86,46,640,336,823,657,264,58,799,139
045009,Halensee,138,931,204,905,844,251,47,753,145,90,"1,096",205,"1,056",880,338,57,992,187,75,952,165,"1,804",877,248,25,"1,110",212,109,773,239,"1,647",812,225,58,958,319,96,906,206,"1,155",782,270,53,"1,102",203,124,"1,024",334,"2,166",967,327,53,"1,152",210
045010,Lietzenburger Straße,213,"2,315",179,"1,106","1,327",321,61,"1,697",574,282,"2,267",173,"1,193","1,096",290,78,"1,646",709,188,"2,153",154,"1,597","1,451",363,51,"1,582",636,176,"1,966",146,"2,288","1,107",154,54,"1,692",743,239,"2,049",121,"1,719","1,021",251,59,"1,630",779,286,"2,413",229,"2,751","1,176",387,62,"1,827",772
045011,Volkspark Wilmersdorf,85,700,158,724,"1,294",184,59,722,243,64,686,132,903,"1,139",288,46,811,266,88,791,102,821,"1,157",298,28,857,541,75,702,118,"1,148",860,126,65,884,359,77,738,139,"1,021",956,157,59,856,198,105,753,219,"1,310",887,227,53,784,225
051001,Hakenfelde,64,811,144,943,233,64,68,759,104,46,628,146,635,246,116,89,855,96,26,733,90,512,254,142,60,774,168,34,716,109,873,210,146,56,622,176,43,742,115,659,227,112,58,626,108,32,683,161,518,319,165,105,819,105
051002,Falkenhagener Feld,84,"1,024",135,467,419,99,70,713,130,43,937,191,351,265,127,105,686,158,100,998,79,421,376,160,76,898,171,52,991,45,679,238,193,48,760,193,80,"1,044",153,754,200,233,54,829,139,82,928,161,411,129,185,91,640,131
051003,Spandau Mitte,278,"1,902",87,880,723,103,77,"1,129",599,161,"1,721",119,625,414,92,74,"1,378",656,164,"1,679",95,668,544,119,84,"1,346",731,191,"1,654",89,"1,122",385,110,118,"1,235",716,223,"1,791",145,"1,257",492,218,104,"1,306",588,154,"1,772",167,"1,014",549,137,147,"1,236",748
052004,Brunsbütteler Damm,52,904,190,523,363,177,61,735,108,60,716,219,498,485,99,69,806,77,60,852,218,407,343,163,51,792,116,56,750,167,557,154,141,39,703,120,68,750,102,809,212,208,119,699,131,55,685,244,538,143,181,92,739,164
052005,Heerstraße,112,"1,173",119,524,201,168,86,817,152,69,"1,191",108,484,291,173,82,"1,087",134,46,"1,181",158,437,191,237,105,668,138,60,"1,103",131,500,191,144,168,"1,140",174,72,"1,072",92,625,174,253,270,"1,036",151,104,"1,151",201,743,104,234,152,866,149
052006,Wilhelmstadt,147,"1,753",87,556,627,153,55,"1,218",360,99,"1,616",77,533,450,152,55,978,273,138,"1,516",80,478,425,180,72,"1,138",334,66,"1,167",88,784,402,110,83,"1,280",228,135,"1,504",141,967,520,176,84,"1,149",222,142,"1,477",161,912,381,185,72,"1,115",271
053007,Haselhorst,95,"1,081",273,916,356,153,57,846,153,108,955,261,732,306,134,89,669,236,75,"1,237",193,"1,007",218,249,106,864,249,76,"1,044",158,"1,337",334,152,94,"1,020",182,96,"1,150",250,"1,310",405,176,37,"1,012",213,81,"1,040",394,949,358,242,81,989,162
053008,Siemensstadt,135,"1,206",270,746,"1,341",246,32,"1,024",135,102,"1,008",291,921,708,299,63,"1,008",268,102,"1,173",133,"1,377",524,156,94,"1,205",266,158,930,158,"1,135",528,110,95,"1,135",221,101,"1,106",218,"1,410",615,62,140,"1,355",187,94,"1,113",400,"1,669",431,219,63,987,235
054009,Gatow/Kladow,35,522,60,306,191,331,45,411,55,30,442,95,171,181,432,35,608,40,20,498,101,121,166,277,35,397,65,10,366,140,191,115,95,25,467,60,35,336,49,262,262,138,59,370,35,20,393,80,294,174,164,60,587,25
061001,Schloßstraße,109,929,95,512,"1,350",149,45,865,226,171,"1,069",176,690,"1,686",293,171,"1,078",316,167,"1,020",72,420,"1,151",208,32,"1,156",275,82,975,87,472,888,137,37,998,247,140,941,158,446,"1,058",113,59,864,239,193,"1,187",157,647,"1,043",234,36,976,333
061002,Albrechtstraße,45,472,102,563,565,169,30,632,130,66,506,142,560,500,266,56,777,109,35,478,82,510,459,261,24,605,112,64,447,128,567,368,172,23,575,109,52,432,162,417,428,123,30,544,97,55,504,211,597,456,164,17,556,100
062003,Lankwitz,44,900,95,591,302,177,51,674,195,42,810,111,547,238,270,44,741,168,39,840,76,381,264,236,39,723,191,35,686,111,480,206,123,39,684,220,43,795,125,570,258,164,55,711,210,48,710,245,497,351,213,63,637,134
062004,Ostpreußendamm,53,560,93,565,459,256,37,734,107,62,599,146,524,440,185,45,711,78,39,690,126,352,335,266,64,713,106,39,648,98,435,365,132,56,906,151,25,726,131,414,453,206,72,804,72,28,663,265,446,407,318,45,722,86
063005,Teltower Damm,41,523,87,616,"1,000",215,41,700,160,102,504,67,574,"1,037",146,35,664,143,76,688,70,348,579,263,50,884,193,44,588,71,387,567,186,50,635,192,50,534,184,411,657,306,41,686,120,70,580,160,528,510,344,29,796,140
063006,Drakestraße,20,522,123,992,708,171,60,677,91,36,537,100,561,569,188,38,606,86,30,631,145,414,360,235,28,736,76,18,566,113,471,328,123,22,625,99,30,589,179,354,388,151,40,629,86,50,569,222,529,399,208,50,691,84
064007,Zehlendorf Südwest,19,576,104,810,528,182,104,"1,167",97,48,523,141,541,523,352,96,"1,502",133,71,661,74,471,534,330,111,"1,889",208,78,751,146,478,602,243,82,"1,577",194,63,618,108,681,551,302,101,"1,724",130,75,684,224,632,654,370,105,"1,896",127
064008,Zehlendorf Nord,35,438,133,"1,003",721,385,40,"1,049",156,70,465,146,848,862,344,53,"1,090",93,49,546,107,593,806,444,70,"1,320",184,54,428,125,567,590,357,87,"1,300",195,58,505,175,600,689,376,35,"1,139",208,74,544,181,742,574,677,49,"1,083",107
071001,Schöneberg Nordwest,350,"2,098",117,889,"1,115",264,49,"1,386","1,126",330,"1,940",64,916,"1,343",244,56,"1,077","1,092",272,"1,959",68,934,"1,607",166,79,"1,346","1,123",226,"1,706",84,"1,281","1,308",145,42,"1,373",853,263,"2,188",57,"1,283","1,569",183,115,"1,558",977,406,"2,306",156,"1,497","1,683",258,65,"1,755","1,041"
071002,Schöneberg Nordost,99,"1,008",99,658,"1,242",255,58,934,662,111,850,82,526,"1,076",197,70,"1,532",481,112,888,87,668,"1,295",149,54,"1,162",548,113,845,67,707,"1,105",163,50,"1,218",699,129,921,75,800,"1,404",183,29,"1,092",417,75,975,83,"1,159","1,430",229,58,"1,129",625
072003,Schöneberg Südwest,81,716,81,511,"1,447",244,14,817,439,81,850,62,541,"1,102",223,52,945,351,114,849,128,664,920,190,66,"1,062",422,71,669,119,745,698,138,33,821,285,52,916,166,721,992,109,38,920,266,123,941,137,"1,088",757,246,33,998,378
072004,Schöneberg Südost,86,"1,326",106,738,"1,266",213,56,"1,395",555,80,"1,311",113,554,"1,138",136,30,"1,351",518,63,"1,265",102,578,"1,159",132,59,"1,456",618,85,"1,112",49,660,"1,028",94,33,"1,395",615,112,"1,448",70,574,"1,311",125,61,"1,663",481,102,"1,433",83,"1,045","1,459",127,64,"1,408",551
073005,Friedenau West,48,403,113,468,"1,169",226,28,786,105,65,512,56,476,"1,044",210,69,823,145,41,638,57,317,"1,113",179,20,857,154,45,455,102,451,705,123,45,791,164,64,484,75,445,754,175,75,889,79,39,589,141,550,939,240,47,762,130
073006,Friedenau Ost,50,727,201,563,673,146,50,727,137,46,621,235,869,667,184,69,819,106,65,683,125,"1,168",651,194,51,794,291,88,637,176,892,494,180,51,855,291,83,708,324,948,722,79,56,990,194,47,791,303,991,787,163,70,959,233
074007,Tempelhof Nord,54,"1,152",141,934,"1,005",114,130,"1,532","1,038",105,"1,332",193,"1,057",886,182,88,"1,932","1,018",80,"1,003",103,929,832,165,68,"1,897","1,065",75,951,109,784,617,75,52,"1,596",922,86,"1,150",150,914,932,69,52,"1,547",621,58,"1,189",210,"1,226",789,137,147,"1,337",831
074008,Tempelhof Südwest,98,880,129,820,694,243,50,"1,085",401,69,"1,069",150,838,441,281,59,"1,031",188,56,977,119,796,350,247,56,"1,087",175,76,977,117,866,422,120,63,"1,043",249,102,990,173,870,477,111,59,"1,015",282,67,"1,110",293,"1,079",564,162,73,967,839
074009,Tempelhof Südost,106,"1,089",252,"1,468",671,239,73,"1,248",272,151,"1,467",196,"1,303",609,327,79,"1,271",242,59,"1,313",217,"1,451",394,217,85,"1,536",328,60,"1,187",273,"1,481",660,27,93,"1,334",307,99,"1,235",302,"1,669",723,92,46,"1,137",361,105,"1,510",582,"2,079",549,163,150,"1,236",340
075010,Mariendorf Nord,64,700,80,732,325,252,64,863,153,72,698,110,767,358,349,31,726,170,50,772,91,696,242,213,38,703,141,29,577,130,818,244,95,32,669,162,75,826,148,594,317,82,35,635,141,34,856,269,887,343,204,65,915,151
075011,Mariendorf Süd,33,672,151,880,397,189,52,842,161,76,493,123,801,408,284,52,768,152,38,694,176,746,299,238,29,846,128,53,575,134,748,225,158,48,690,101,48,826,178,807,312,264,38,740,134,52,"1,015",257,825,315,310,38,591,162
076012,Marienfelde Nord,62,566,45,768,342,191,67,600,230,56,747,163,646,315,202,67,731,146,39,617,129,612,337,101,39,623,180,23,625,135,388,231,135,68,613,180,56,789,185,778,185,123,56,767,229,39,918,245,757,301,306,67,824,156
076013,Marienfelde Süd,76,763,110,612,199,124,55,715,138,41,845,117,481,323,69,62,804,103,41,835,69,587,90,62,28,746,255,63,772,56,619,188,77,63,835,209,63,"1,136",167,592,91,70,56,"1,136",188,62,976,235,616,215,97,97,962,159
076014,Lichtenrade Nord,47,555,93,873,140,215,19,481,93,37,638,191,564,116,163,61,657,103,33,401,135,448,131,149,47,714,79,23,393,150,388,75,84,19,421,126,14,510,112,482,89,150,61,496,66,14,665,201,468,108,295,28,375,98
076015,Lichtenrade Süd,50,777,60,400,230,200,50,880,187,76,620,125,337,310,198,73,835,135,42,572,88,265,245,118,36,872,131,39,565,136,318,169,65,78,968,179,48,682,90,344,235,113,35,890,100,64,795,212,303,293,167,58,640,71
081001,Schillerpromenade,246,"1,546",111,"1,115",704,264,108,"1,229","1,140",185,"1,446",62,723,766,311,74,"1,237","1,393",179,"1,516",65,"1,094",848,148,117,"1,307","1,516",182,"1,314",46,"1,443",880,178,58,"1,237","1,135",173,"1,481",79,"1,533","1,195",128,79,"1,152","1,037",205,"1,289",63,"1,591","1,030",169,114,"1,377",901
081002,Neuköllner Mitte/Zentrum,278,"1,913",128,"1,378",985,176,89,"1,627",875,257,"1,983",76,"1,153","1,014",255,79,"1,634","1,216",245,"2,018",76,"1,628",819,171,126,"1,697","1,834",175,"1,459",66,"2,394",929,132,117,"1,435","1,199",273,"1,831",55,"2,175","1,205",137,110,"1,539","1,413",212,"2,189",101,"2,616","1,162",209,130,"1,723","1,305"
081003,Reuterstraße,133,"1,461",70,905,"1,003",173,53,"1,231",830,166,"1,453",58,705,"1,535",286,103,"1,455","1,111",142,"1,600",43,"1,187","1,240",144,149,"1,405","1,180",149,"1,525",82,"1,984","1,194",95,118,"1,712","1,001",151,"1,513",56,"1,713","1,168",131,77,"1,250",927,238,"1,705",78,"1,643","1,065",140,114,"1,625",909
081004,Rixdorf,81,"1,305",81,732,779,216,56,"1,264",580,131,"1,199",37,691,"1,123",227,57,"1,320",846,132,"1,167",70,"1,002",922,207,107,"1,340","1,437",107,"1,182",58,"1,512","1,063",142,104,"1,205","1,236",157,"1,345",99,"1,168","1,066",142,129,"1,157",816,170,"1,380",99,"1,410","1,177",175,162,"1,230",863
081005,Köllnische Heide,159,"1,657",223,"1,810",287,268,153,"2,346",561,147,"1,381",281,"1,759",294,262,147,"1,298",531,110,"1,435",278,"1,842",246,381,129,"1,564",918,156,"1,217",326,"2,044",260,176,117,"2,227",931,97,"1,280",273,"2,144",279,182,201,"2,410","1,156",117,"1,624",403,"2,956",292,143,286,"2,306",799
082006,Britz Nord,219,"1,163",204,"1,337",413,283,94,"1,193",303,162,"1,063",167,"1,073",456,318,54,"1,043",456,162,"1,310",152,"1,099",334,339,113,"1,119",535,98,"1,025",162,"1,133",397,147,74,"1,059",363,93,"1,271",166,"1,261",321,117,97,901,229,116,"1,316",200,"1,391",377,256,88,"1,195",223
082007,Britz,113,892,147,"1,126",424,325,65,"1,187",143,82,"1,042",143,982,428,545,61,"1,245",216,117,"1,187",138,985,367,298,95,"1,162",350,100,"1,117",152,"1,316",316,216,74,"1,035",234,143,"1,297",264,"1,470",342,173,151,"1,228",199,99,"1,302",397,"1,742",362,228,103,"1,151",172
082008,Buckow,55,691,110,581,124,144,55,667,117,79,757,92,520,134,168,45,"1,099",175,66,835,142,544,114,177,52,672,104,25,691,154,649,158,109,60,557,84,80,827,143,642,105,178,38,572,70,45,803,212,726,142,195,69,563,73
083009,Gropiusstadt West,196,"1,187",151,790,277,241,45,"1,011",126,146,"1,175",91,"1,175",348,257,40,"1,170",136,101,"1,095",86,747,267,257,91,"1,493",161,141,"1,114",86,801,277,131,86,"1,411",171,131,"1,126",181,890,156,111,91,"1,177",151,155,"1,257",235,958,235,294,95,"1,073",175
083010,Gropiusstadt Ost,92,940,127,496,265,110,29,785,133,91,"1,163",142,544,204,119,74,754,96,68,"1,264",56,485,333,169,96,"1,201",135,113,"1,211",107,451,248,124,90,"1,093",107,182,"1,476",187,749,220,88,198,"1,173",99,119,"1,366",184,743,195,287,173,"1,339",146
084011,Buckow Nord,103,803,247,"1,143",360,144,82,597,113,114,837,114,827,331,310,52,858,114,73,"1,039",125,655,332,197,62,894,114,62,911,72,900,155,145,72,879,124,83,"1,083",206,"1,207",299,175,72,640,217,123,"1,458",329,"1,541",288,216,257,935,72
084012,Rudow,76,500,176,685,202,291,60,710,73,50,677,171,470,203,294,32,705,96,61,692,198,444,212,296,50,874,102,34,582,244,409,228,194,46,692,87,75,642,252,581,138,261,54,596,77,77,730,310,697,170,328,57,633,93
091001,Alt-Treptow,249,"1,246",113,804,"2,331",169,48,"1,463",619,220,"1,526",165,755,"2,416",244,79,"1,424","1,078",269,"1,160",115,806,"2,342",230,54,"1,436","1,597",228,"1,483",76,"1,026","2,418",106,122,"1,635","1,300",535,"1,711",166,"1,032","2,080",181,143,"1,635","1,153",232,"1,392",255,"1,722","2,395",255,97,"1,520","1,258"
091002,Plänterwald,142,596,187,871,676,151,36,854,133,44,450,265,802,547,335,18,882,62,115,618,194,794,741,194,26,"1,200",115,53,641,205,935,882,267,36,"1,247",134,79,731,370,"1,216",652,256,62,"1,401",123,97,901,371,"1,581",539,397,9,954,115
091003,Baumschulenweg,65,755,146,701,637,415,59,901,119,70,636,235,690,733,230,48,743,160,85,970,138,610,530,212,48,"1,002",249,43,884,122,799,682,234,32,847,165,68,828,271,886,641,146,57,948,219,73,860,264,906,476,280,57,"1,046",223
091004,Johannisthal,25,718,196,723,512,146,120,863,110,60,608,236,794,488,196,70,684,166,80,558,186,578,502,171,45,774,156,15,565,179,615,555,159,55,793,159,53,685,106,676,526,222,39,743,130,57,810,238,919,414,195,19,876,195
092005,Oberschöneweide,70,"1,563",269,920,506,114,79,"1,189",357,34,"1,407",296,"1,510",716,159,103,"1,377",352,110,"1,311",153,721,726,85,68,"1,188",348,67,"1,014",189,581,602,63,63,934,286,45,"1,179",167,877,551,77,45,"1,166",294,40,"1,290",248,675,687,124,148,"1,422",300
092006,Niederschöneweide,254,"1,695",238,762,"1,040",139,57,"1,663",860,126,"1,645",236,614,"1,275",157,63,"1,866",370,101,"1,470",248,619,"1,609",93,85,"2,228",348,99,"1,382",167,478,"1,382",159,83,"2,042",288,87,"1,518",181,564,"1,272",51,195,"2,688",123,172,"1,484",302,872,"1,161",192,165,"2,961",350
092007,Adlershof,99,987,193,794,"1,217",183,42,"1,290",240,71,841,233,638,"1,175",116,46,"1,180",142,70,837,169,538,"1,320",130,25,"1,241",244,69,885,158,628,"1,236",143,89,"1,177",148,87,851,180,753,899,209,73,"1,205",199,82,920,243,668,915,169,50,"1,098",192
092008,Köllnische Vorstadt/Spindlersfeld,83,"1,035",139,527,702,120,55,"1,053",323,9,"1,155",155,464,700,118,109,"1,346",209,71,"1,094",142,445,"1,121",89,27,"1,032",391,121,"1,214",95,633,720,78,26,"1,136",303,50,"1,170",150,694,527,92,92,"1,605",226,48,"1,279",128,472,559,256,80,"1,199",168
093009,Altglienicke,37,666,207,533,374,255,37,674,126,33,768,317,426,324,200,58,575,142,39,669,153,416,345,139,43,573,157,31,775,164,387,279,119,56,771,77,55,771,123,358,270,212,38,785,85,36,856,282,561,338,255,56,730,143
093010,Bohnsdorf,54,916,239,454,385,277,69,685,54,38,815,168,480,434,213,38,876,107,30,814,137,464,494,373,61,593,114,37,739,134,605,329,291,45,889,105,36,762,164,819,428,278,50,884,121,26,821,317,"1,552",304,220,97,853,194
093011,Grünau,47,452,109,747,"1,355",249,125,"1,822",78,30,496,165,526,"1,097",210,195,"2,043",105,71,643,100,386,"1,186",129,57,"1,457",71,54,640,123,599,763,82,68,"1,770",123,64,938,128,732,822,128,0,"1,901",128,61,"1,107",172,959,"1,131",197,49,"1,181",209
093012,Schmöckwitz,0,388,68,342,274,182,91,479,68,68,476,181,181,204,0,68,294,45,23,564,113,271,158,23,23,316,23,22,244,67,222,289,155,0,533,89,0,477,108,802,173,22,43,542,130,22,575,155,398,66,133,66,797,22
094013,Köpenick Süd,0,346,84,329,287,287,152,607,42,17,375,75,267,192,242,117,450,67,17,349,108,341,266,175,25,482,108,0,399,67,258,274,175,25,515,191,0,439,99,232,248,124,50,447,66,16,500,205,418,394,205,25,656,57
094014,Allende-Viertel,35,630,155,708,484,69,35,803,112,17,641,165,442,736,43,69,823,182,35,508,105,394,421,53,79,710,105,35,796,62,381,549,80,27,"1,044",150,77,631,171,495,341,60,102,691,154,42,780,216,241,357,83,50,780,33
094015,Altstadt Köpenick,28,"1,672",85,326,836,14,43,"1,318",298,42,"1,390",56,348,654,28,42,"1,488",306,41,"1,258",55,219,957,27,14,875,478,54,940,14,286,995,41,82,967,313,107,"1,503",67,228,443,81,134,"1,382",255,66,"1,456",144,276,761,26,39,"1,036",289
094016,Müggelheim,30,297,74,446,193,134,59,372,74,15,251,59,133,162,74,118,664,162,73,410,44,337,59,15,15,571,117,0,380,29,58,131,73,44,350,29,0,316,86,129,57,144,43,373,129,0,284,128,156,241,170,14,298,28
095017,Friedrichshagen,32,575,154,261,"1,128",69,43,841,53,58,681,199,309,906,79,94,890,79,79,592,100,393,834,79,37,949,163,47,515,53,247,630,58,26,830,105,63,512,84,423,575,89,78,826,120,42,542,189,457,847,110,53,789,158
095018,Rahnsdorf,21,327,63,548,"1,001",253,42,527,105,0,421,147,411,726,147,21,832,137,52,681,155,320,764,93,31,"1,455",62,20,574,70,352,382,91,91,996,151,76,539,95,198,860,208,113,775,76,19,617,75,467,831,103,47,598,28
095019,Dammvorstadt,81,"1,282",90,484,"1,040",72,27,"1,309",278,140,"1,711",175,594,"1,231",96,61,"1,362",524,163,"1,800",69,660,"1,928",77,34,"1,380",420,68,903,42,354,"1,063",17,59,"1,300",338,125,"1,504",84,359,994,142,17,"1,496",510,212,"1,679",122,538,"1,271",73,65,"1,247",261
095020,Köpenick Nord,101,521,78,319,591,272,47,723,101,23,604,115,397,443,275,92,665,107,15,369,68,263,497,301,60,806,151,30,512,68,354,422,203,15,730,98,37,344,127,523,501,120,45,553,82,30,368,90,421,662,293,90,504,128
101001,Marzahn Nord,108,"1,581",223,410,389,74,79,"1,278",219,116,"1,667",223,289,219,70,112,"1,253",219,132,"1,774",124,413,260,74,103,"1,411",260,74,"1,575",132,609,243,45,66,"1,320",243,97,"1,494",154,409,409,73,158,"1,291",182,177,"1,992",297,671,241,84,213,"1,385",217
101002,Marzahn Mitte,80,"1,413",277,518,201,94,103,963,199,108,"1,443",298,673,135,46,101,"1,027",269,98,"1,306",177,801,229,64,73,"1,086",212,89,"1,253",182,865,270,83,50,991,192,101,"1,426",192,"1,093",386,164,83,"1,055",145,137,"1,490",368,"1,250",278,227,178,"1,116",186
101003,Marzahn Süd,42,845,373,757,222,112,68,910,149,85,"1,014",393,851,259,116,28,810,181,144,983,231,945,264,128,72,"1,109",216,87,804,151,776,235,94,66,"1,151",166,63,972,236,"1,022",239,126,58,965,176,86,919,430,"1,135",243,248,81,"1,094",135
102004,Hellersdorf Nord,73,"1,567",196,371,279,98,165,"1,511",307,119,"1,453",165,461,254,80,138,"1,412",303,105,"1,571",143,489,303,78,119,"1,103",335,109,"1,364",133,517,165,35,67,"1,215",245,147,"1,683",152,645,315,81,76,"1,505",195,120,"1,620",270,623,430,188,122,"1,190",172
102005,Hellersdorf Ost,68,"1,349",170,345,325,39,92,"1,121",248,130,"1,171",183,376,362,48,145,892,198,114,"1,297",180,388,298,28,151,"1,032",241,138,"1,031",69,399,536,37,78,"1,059",234,107,"1,078",76,811,588,89,125,855,183,142,"1,254",155,487,366,103,103,789,129
102006,Hellersdorf Süd,64,"1,478",133,314,395,89,125,"1,321",209,60,"1,052",113,214,210,28,85,"1,060",177,136,"1,124",120,332,268,84,84,"1,048",204,87,959,63,489,170,39,43,"1,215",185,102,"1,040",125,614,215,78,160,"1,106",203,92,"1,055",239,458,246,177,104,974,131
103007,Biesdorf,44,550,144,491,679,362,78,702,100,61,717,151,519,534,274,58,645,115,63,719,126,302,565,126,84,828,168,72,549,110,409,409,100,82,827,96,50,568,129,591,614,258,59,664,96,65,823,181,450,583,311,55,693,100
104008,Kaulsdorf,21,601,78,492,575,160,57,844,88,36,578,119,407,500,206,72,691,93,62,706,124,428,526,227,15,670,88,31,443,108,402,402,139,46,618,113,41,650,97,686,348,220,67,732,92,86,552,207,435,263,334,35,668,86
104009,Mahlsdorf,21,391,62,474,464,235,3,561,45,7,291,123,291,267,291,31,646,99,37,403,115,271,355,281,14,541,95,30,306,71,295,312,208,47,645,91,69,343,115,412,336,267,36,603,69,26,315,69,298,289,485,36,675,98
111001,Malchow,84,716,84,147,274,568,126,695,42,20,444,20,242,202,282,101,645,121,56,753,132,377,697,395,75,621,75,19,542,94,206,224,94,37,991,94,94,865,31,425,252,456,126,629,94,62,"1,105",16,436,249,436,93,638,78
111002,Neu-Hohenschönhausen Nord,58,973,182,418,233,89,79,833,271,37,"1,173",177,255,180,58,95,853,228,47,"1,013",91,431,330,67,81,"1,151",283,34,"1,127",44,427,249,37,44,952,272,83,945,67,416,140,123,70,845,213,144,"1,129",184,762,276,144,76,"1,057",200
111003,Neu-Hohenschönhausen Süd,89,"1,300",185,661,388,107,63,986,163,73,"1,179",220,529,323,81,77,937,92,107,"1,124",118,638,240,59,107,"1,209",188,117,"1,114",106,641,234,62,95,"1,030",205,116,"1,198",123,677,156,65,138,"1,187",156,189,"1,259",274,939,324,181,85,"1,213",249
112004,Alt-Hohenschönhausen Nord,49,"1,279",160,578,264,258,74,"1,211",197,98,"1,167",208,800,373,214,43,"1,045",147,90,"1,105",126,"1,129",402,198,132,"1,123",264,47,"1,264",148,"1,074",332,166,137,"1,110",338,153,"1,193",123,"1,017",300,276,47,987,159,98,"1,500",290,"1,135",469,342,70,"1,101",249
112005,Alt-Hohenschönhausen Süd,34,774,320,678,364,159,47,721,96,55,785,259,659,437,92,28,699,111,37,663,137,678,614,110,49,779,122,51,647,170,719,510,92,45,883,173,82,931,308,849,385,188,70,723,141,99,952,329,"1,254",538,230,58,806,116
113006,Fennpfuhl,39,963,224,692,483,143,60,915,134,62,917,174,507,389,133,71,"1,026",133,94,938,150,767,569,127,47,"1,162",133,86,751,131,673,358,80,80,"1,138",140,103,882,247,885,400,153,59,"1,126",123,93,"1,079",340,"1,129",390,180,32,"1,295",201
113007,Alt-Lichtenberg,105,"1,525",220,886,813,131,89,"1,145",259,211,"1,595",298,788,669,102,122,"1,361",307,155,"1,707",127,803,783,108,89,"1,684",279,124,"1,319",188,"1,001",682,86,166,"1,724",395,94,"1,623",266,"1,071",842,166,202,"1,533",281,142,"1,710",319,"1,217",750,151,106,"1,173",384
113008,Frankfurter Allee Süd,109,"1,698",218,884,"1,003",139,60,"1,797",844,198,"1,575",337,614,901,50,99,"1,694",872,169,"1,695",150,"1,515",638,140,30,"2,033",718,142,"1,421",294,914,548,71,71,"1,716",640,243,"1,486",263,"1,446",718,222,71,"2,224",647,299,"1,958",318,"1,900",550,183,154,"1,794",714
114009,Neu-Lichtenberg,88,"1,066",148,497,"1,029",209,58,"1,202",176,95,"1,025",155,309,"1,091",104,45,"1,221",143,77,901,77,321,819,88,71,"1,234",218,73,911,138,457,632,120,64,"1,092",255,106,958,121,516,829,75,26,967,181,108,913,181,530,856,125,57,913,187
114010,Friedrichsfelde Nord,66,"1,143",350,529,463,132,119,899,172,137,"1,262",340,713,510,52,72,"1,157",163,109,"1,175",154,616,533,83,45,"1,278",167,50,"1,101",181,676,651,144,63,"1,170",263,79,"1,037",220,890,549,79,79,"1,195",220,98,"1,089",263,"1,285",692,159,86,"1,151",171
114011,Friedrichsfelde Süd,55,634,177,552,556,87,35,788,67,47,713,213,512,427,194,50,973,147,38,785,136,446,438,45,49,933,113,77,896,110,466,466,77,81,"1,072",125,58,685,112,465,379,126,61,855,108,61,918,169,610,405,197,75,681,122
115012,Rummelsburger Bucht,75,702,326,802,"2,731",301,50,"1,002",351,94,"1,322",260,"1,157","2,409",283,165,"1,771",283,259,"1,271",235,871,"1,765",518,118,"2,448",377,24,870,71,611,"1,293",24,141,"2,257",329,135,856,293,744,"1,690",248,68,"1,329",248,67,"1,122",179,942,"1,212",561,67,"1,055",269
115013,Karlshorst,22,359,158,282,784,242,59,535,66,22,419,130,386,610,264,29,455,47,14,452,114,277,857,146,11,569,60,25,501,96,195,696,82,11,462,75,35,418,104,273,678,214,21,439,66,36,569,110,243,906,201,39,634,45
121001,Ost 1 - Reginhardstraße,113,"1,204",145,607,388,219,64,854,222,70,"1,116",146,596,391,269,80,774,363,80,"1,075",94,626,456,146,73,835,345,137,"1,029",109,854,309,81,70,812,253,77,"1,168",123,907,285,183,102,928,292,143,"1,239",153,"1,083",547,160,70,"1,100",202
121002,Ost 2 - Alt-Reinickendorf,132,"1,048",191,"1,066",441,246,51,"1,114",496,124,"1,007",142,985,314,303,40,"1,120",427,72,"1,203",130,"1,076",330,261,47,"1,171",446,131,"1,171",116,"1,113",415,124,175,"1,356",411,106,"1,175",183,"1,186",442,201,95,"1,124",259,203,"1,184",355,"1,538",438,174,112,"1,158",246
122003,West 4 - Auguste-Viktoria-Allee,96,"1,490",81,848,269,170,66,"1,011",299,96,"1,208",74,866,346,188,52,961,236,114,"1,461",51,723,327,224,81,962,202,99,"1,386",55,497,362,117,62,899,333,135,"1,496",80,779,382,109,87,"1,070",306,162,"1,505",144,751,325,173,51,902,202
122004,West 1 - Tegel-Süd/Flughafensee,82,"1,818",189,"1,353",289,233,76,"1,120","1,328",68,"1,419",99,"1,065",266,248,56,799,"1,208",80,"1,320",190,"1,025",374,135,68,"1,056",982,93,"1,199",143,"1,354",186,118,56,770,925,110,"1,212",158,"1,053",231,225,91,"1,041",901,67,"1,592",278,"1,289",327,327,85,"1,084",950
122005,West 5 - Tegel,175,"1,776",46,543,589,258,37,"1,601",322,246,"1,469",55,329,529,329,46,"1,059",274,209,"1,548",64,364,483,91,18,"1,047",264,128,"1,016",18,549,494,156,9,"1,061",302,199,"1,635",36,370,777,90,36,894,217,282,"1,526",154,472,817,91,54,926,245
124006,West 2 - Heiligensee/Konradshöhe,29,395,58,436,214,276,16,387,132,29,324,94,357,250,176,41,493,78,29,390,74,189,160,152,29,570,131,25,330,54,148,177,58,12,458,107,12,393,90,409,229,127,41,524,45,29,424,131,457,179,167,29,624,86
124007,Nord 1 - Frohnau/Hermsdorf,39,406,155,"1,037",559,478,39,606,96,42,302,123,448,780,260,12,565,132,42,356,96,245,482,144,30,488,105,21,292,48,217,508,96,15,671,75,36,382,111,356,604,269,30,610,66,51,341,242,680,719,384,39,891,66
125008,West 3 - Borsigwalde/Freie Scholle,36,571,170,729,359,334,24,826,109,36,564,121,570,394,230,36,467,188,18,656,146,498,352,122,30,893,152,24,628,110,421,396,128,49,689,146,73,736,134,620,365,122,91,705,280,84,821,296,893,386,91,133,791,145
125009,Nord 2 - Waidmannslust/Wittenau/Lübars,79,"1,192",111,534,420,308,35,989,302,101,"1,157",95,419,469,295,51,948,342,101,"1,048",107,537,268,180,76,973,281,85,"1,003",63,536,348,210,97,"1,107",317,78,"1,174",137,727,447,221,47,882,224,110,"1,334",213,814,495,276,110,"1,043",166
126010,Rollbergesiedlung,54,"1,076",75,581,258,204,22,"1,151",194,54,904,140,366,183,366,54,"1,690",226,76,875,86,746,292,162,54,562,173,44,927,109,643,185,109,44,839,98,76,757,162,606,292,151,76,941,130,74,"1,083",340,966,340,212,106,839,149
126011,MV Nord,134,"1,293",187,673,195,54,88,685,272,106,"1,362",159,652,201,49,110,709,186,98,"1,154",102,647,201,61,136,783,223,79,"1,154",49,558,247,49,49,888,169,70,"1,305",107,521,259,67,118,839,170,106,"1,230",131,836,263,88,142,781,139
126012,MV Süd,66,935,197,592,132,146,51,658,175,87,943,65,363,138,196,73,675,167,58,839,80,557,181,101,109,695,246,58,926,44,343,160,80,88,664,131,80,790,65,420,196,167,43,609,130,73,757,109,684,182,189,73,488,58
